id,name,host_id,host_name,neighbourhood_group,neighbourhood,latitude,longitude,room_type,price,minimum_nights,number_of_reviews,last_review,reviews_per_month,calculated_host_listings_count,availability_365,number_of_reviews_ltm,license
1489424,"Welcoming, easygoing, comfy bed, entire level",5294164,Efrat,,FOURTEENTH WARD,42.66719,-73.8158,Private room,50,1,242,2/10/2024,1.91,1,0,48,
2992450,Luxury 2 bedroom apartment,4621559,Kenneth,,THIRD WARD,42.65789,-73.7537,Entire home/apt,70,28,9,8/17/2022,0.08,1,349,0,
3820211,Restored Precinct in Center Sq. w/Parking,19648678,Terra,,SIXTH WARD,42.65222,-73.76724,Entire home/apt,125,2,291,11/19/2023,2.52,4,357,8,
5651579,Large studio apt  by Capital Center & ESP@,29288920,Gregg,,SECOND WARD,42.64615,-73.75966,Entire home/apt,68,2,333,2/1/2024,3.12,2,148,28,
6623339,Center Sq. Loft in Converted Precinct w/ Parking,19648678,Terra,,SIXTH WARD,42.65222,-73.76724,Entire home/apt,140,1,306,12/26/2023,2.89,4,0,5,
7563949,Rest or work in peace | Garden | Wifi | Kitchen,39656001,Urbangem,,SECOND WARD,42.64484,-73.75851,Private room,,1,37,2/19/2023,0.4,6,365,1,
8035768,Entire Beautiful French Victorian 1884,42430824,John M,,TENTH WARD,42.66088,-73.78147,Entire home/apt,305,2,56,1/28/2024,0.54,2,362,5,
8035784,Delightful French Victorian,42430824,John M,,TENTH WARD,42.66063,-73.78115,Private room,199,3,18,7/25/2020,0.18,2,176,0,
8915877,"Charming 1BR State Capitol, downtwn",46312980,Robert,,SECOND WARD,42.64603,-73.75986,Entire home/apt,86,3,226,9/18/2023,2.23,1,347,2,
9005989,"Studio in The heart of Center SQ, in Albany NY",17766924,Sugey,,SIXTH WARD,42.65559,-73.76506,Entire home/apt,86,1,577,1/28/2024,6.3,1,0,39,
9501054,Spacious suite with full bath by Capital  Center,29288920,Gregg,,SECOND WARD,42.64734,-73.75851,Private room,61,2,365,1/22/2024,3.73,2,157,38,
10768745,Alb hospital area studio bath wifi. (Red),5691268,Elizabeth,,FOURTEENTH WARD,42.66078,-73.80553,Entire home/apt,50,1,623,1/29/2024,6.37,2,157,94,
11253948,/Fire Place Bungalow\ 1917 SUNY Eagle 6Beds 2Baths,4259750,Peter,,FIFTEENTH WARD,42.67567,-73.82438,Entire home/apt,218,1,142,1/21/2024,1.51,9,0,21,
11639446,$50twin($30 foreign student)FreeBF Noa/c no smoke,61700428,Adam,,ELEVENTH WARD,42.67583,-73.78297,Private room,47,1,229,12/17/2023,2.44,2,0,14,
12284708,"Well Lit Modern Room, Perfect Location Albany",36438637,Chad,,TENTH WARD,42.65912,-73.78349,Private room,45,10,61,10/26/2019,0.65,4,257,0,
12799126,Private Room in the Hearth of the Albany,69729286,Musab,,SIXTH WARD,42.65154,-73.76867,Private room,50,5,28,2/6/2024,0.66,2,360,7,
13083497,Pristine Cape Cod on the Creek! 4 Large Bedrooms,1364123,Akhilesh,,FIFTEENTH WARD,42.66972,-73.82753,Entire home/apt,219,2,174,1/6/2024,1.87,1,291,16,
14316232,"Unique Modern Room, Perfect Location Albany",36438637,Chad,,TENTH WARD,42.65726,-73.78219,Private room,45,10,48,1/7/2024,0.52,4,287,4,
14989805,/Miller Colonial\ 1946 SUNY Eagle Hill 5Bed 2Baths,4259750,Peter,,FIFTEENTH WARD,42.673512,-73.819679,Entire home/apt,777,1,85,1/28/2024,0.96,9,356,22,
15580397,Albany Med/Dwtn Albany/Colleges/BLUE RM/ Share,89705052,Share,,NINTH WARD,42.65651,-73.77887,Private room,55,2,38,10/12/2023,0.46,3,75,6,
16531782,On a little park in Albany pine hills. (Blue),5691268,Elizabeth,,FOURTEENTH WARD,42.66075,-73.80605,Entire home/apt,70,1,345,1/28/2024,7.62,2,296,114,
17238066,"$48($25 foreign student)Twin, noa/cno
Smoke freeBF",61700428,Adam,,FIFTH WARD,42.67614,-73.78169,Private room,44,3,130,9/11/2023,1.57,2,365,2,
17514620,Cozy Modern Room Perfect Location Albany,36438637,Chad,,TENTH WARD,42.6584,-73.78309,Private room,45,10,53,1/30/2024,0.63,4,360,7,
17552120,Comfy space in lovely home (Master/Lilac Bedroom),20738797,Aaron,,FOURTEENTH WARD,42.65729,-73.80321,Private room,,1,32,12/7/2023,0.39,1,0,1,
18341426,/Sauna Ranch 1961\ SUNY Eagle Hill 4Beds 1Bath,4259750,Peter,,FIFTEENTH WARD,42.67637,-73.82395,Entire home/apt,306,1,57,6/26/2022,0.79,9,365,0,
19527043,Charming 1 Bedroom in a Historic Residential Home,15223767,Ed,,NINTH WARD,42.65312,-73.78161,Private room,70,1,71,10/22/2023,1.09,3,246,21,
19571496,Modern Studio Perfect Location Albany,36438637,Chad,,TENTH WARD,42.6585,-73.78414,Private room,50,10,26,12/1/2023,0.38,4,360,2,
19663012,Garden Facing Room | Wifi | Shared Kitchen,39656001,Urbangem,,SECOND WARD,42.6436,-73.75887,Private room,,1,17,8/28/2021,0.21,6,177,0,
20138691,Sparkling Clean Room In A Lovely Home In Albany,67171774,Michael And Flerida,,FOURTEENTH WARD,42.65846,-73.80201,Private room,60,4,19,7/3/2020,0.26,6,356,0,
20212108,A Peaceful suite 10ppl w/Yard Near Mansion and MVP,39656001,Urbangem,,SECOND WARD,42.64355,-73.75712,Private room,,2,5,1/28/2023,0.09,6,179,0,
20518708,KingBedMemory Foam W/TV Desk&AC LovelyHomeInAlbany,67171774,Michael And Flerida,,FOURTEENTH WARD,42.65846,-73.80201,Private room,80,4,12,3/4/2020,0.21,6,356,0,
20519453,PeaceAndTranquility QueenBedTvAcDesk BigCloset,67171774,Michael And Flerida,,FOURTEENTH WARD,42.65846,-73.80201,Private room,80,4,16,4/24/2020,0.22,6,356,0,
20519722,QueenBedW/TVDeskAC SuperCleanAndQuietIn Albany,67171774,Michael And Flerida,,FOURTEENTH WARD,42.65846,-73.80201,Private room,80,4,8,8/12/2020,0.12,6,356,0,
20519807,AllThe ComfortsOfHome TVDeskAC inThisLovelyHome,67171774,Michael And Flerida,,FOURTEENTH WARD,42.65846,-73.80201,Private room,60,4,32,7/8/2020,0.44,6,44,0,
20519885,30%OffMonthlyStays BusinessOrFamily InAlbany,67171774,Michael And Flerida,,FOURTEENTH WARD,42.65846,-73.80201,Entire home/apt,275,4,91,2/2/2024,1.19,6,356,20,
20620135,/Red Warhol Ranch\ 1959 SUNY Eagle Hill 4beds1Bath,4259750,Peter,,FIFTEENTH WARD,42.675,-73.82382,Entire home/apt,196,1,55,12/31/2022,0.71,9,228,0,
20633175,"Garden Apartment, on the Park, close to Capital.",65414985,James,,SEVENTH WARD,42.64939,-73.76865,Entire home/apt,126,2,130,5/28/2023,1.81,2,282,2,
20671966,The Metropolitan,98744672,Bela,,NINTH WARD,42.65532,-73.78244,Entire home/apt,85,2,39,6/1/2023,0.5,8,186,1,
21052414,Cozy bedroom with (2) walk-in closets,135717458,Chad,,THIRTEENTH WARD,42.66565,-73.77975,Private room,40,10,40,12/8/2023,0.58,3,312,5,
21392315,The Blair Suite,98744672,Bela,,NINTH WARD,42.65372,-73.78244,Entire home/apt,65,2,110,1/1/2024,1.45,8,322,13,
21449583,/zBig Blue Ranch\ 1962 SUNY Eagle Hill 4Beds 2Bath,4259750,Peter,,FIFTEENTH WARD,42.67547,-73.82402,Entire home/apt,570,4,8,7/27/2018,0.11,9,365,0,
21752534,"NEW LISTING! Modern, completely updated, LOCATION!",152762198,Allen,,TENTH WARD,42.66045,-73.77833,Entire home/apt,73,3,154,1/20/2024,2.03,8,354,12,
21769213,Cozy downstairs bedroom in quiet neighborhood!,135717458,Chad,,ELEVENTH WARD,42.66572,-73.77834,Private room,35,10,23,1/27/2024,0.31,3,248,5,
21769439,Cozy upstairs room with (1) walk-in closet,135717458,Chad,,ELEVENTH WARD,42.66703,-73.77842,Private room,35,10,21,9/2/2023,0.28,3,0,3,
22398196,Elegant Guest Suite in our beautiful Victorian!,98744672,Bela,,NINTH WARD,42.65501,-73.78122,Private room,55,2,105,1/11/2024,1.42,8,284,19,
22431640,"Bright Central Apartment Near Hospital, Park and",108848737,Jake,,SEVENTH WARD,42.64717,-73.77135,Entire home/apt,81,1,430,2/4/2024,6.09,2,43,29,
24120690,One Bedroom apartment with private entrance,156446839,Domini,,FOURTEENTH WARD,42.65975,-73.81196,Private room,75,2,120,2/2/2024,1.69,1,0,24,
24606880,The Western Suite,98744672,Bela,,NINTH WARD,42.65431,-73.78178,Private room,60,2,39,9/25/2023,0.6,8,288,3,
24655782,‚≠ê‚≠êCheck it out! This apartmnt has a bunch of great,108848737,Jake,,SEVENTH WARD,42.6477,-73.7714,Entire home/apt,78,1,355,1/1/2024,5.04,2,0,45,
25549565,Quiet and Pretty in the Heart of Center Square,9666970,Janet,,SIXTH WARD,42.65345,-73.7645,Entire home/apt,65,1,770,2/10/2024,11.12,1,0,131,
25976514,City Feel - Green Room,31757246,Leiba,,SIXTH WARD,42.65333,-73.77293,Private room,100,3,12,7/27/2023,0.18,1,359,1,
26139592,Garden Apartment in Ctr. Square: Monthly Discounts,6833937,Farah,,SIXTH WARD,42.65403,-73.76325,Entire home/apt,89,2,107,2/1/2024,1.59,1,0,10,
27670660,The Rock & Roll Suite,98744672,Bela,,NINTH WARD,42.65430832,-73.78177643,Private room,55,2,21,9/10/2023,0.35,8,328,16,
27692601,Albany Cozy home with fireplaces and Sunroom,202580880,Rosanne,,EIGHTH WARD,42.64514,-73.80668,Entire home/apt,,3,14,10/8/2022,0.22,1,179,0,
28341274,Private room in historic building on the park,54394342,Alice,,SIXTH WARD,42.65821,-73.76917,Private room,75,1,60,1/30/2024,0.91,1,288,20,
28400263,Private Room in Historic Residential Home,15223767,Ed,,NINTH WARD,42.65464,-73.78348,Private room,50,1,242,2/1/2024,3.79,3,241,29,
28519423,Alb Med/Dwtn Alb/Colleges/RED RM.  Share,89705052,Share,,TENTH WARD,42.65746,-73.77904,Private room,55,2,59,2/2/2024,0.91,3,77,15,
28722270,‚úçHistoric Loft Suite @ Downtown Albany,44434571,Earl,,SECOND WARD,42.64535,-73.75365,Entire home/apt,80,1,610,2/9/2024,9.59,6,0,37,
28868857,‚≠êCozy Garden Suite Full Amenities @Downtown Albany,44434571,Earl,,SECOND WARD,42.64535,-73.75365,Entire home/apt,65,1,534,2/6/2024,8.48,6,316,73,
28929840,"Capital Connection:
Upscale spacious private suite",194113768,Rachel,,FOURTH WARD,42.6737,-73.75313,Private room,95,1,6,5/27/2023,0.09,1,178,1,
29605579,Funky Urban 1 Bedroom Apt w/ Parking in Center Sq,19648678,Terra,,SIXTH WARD,42.65235,-73.76714,Entire home/apt,120,2,88,9/4/2023,1.37,4,320,8,
30189794,Seashore Suite At The Inn on South Lake,98744672,Bela,,NINTH WARD,42.6533,-73.78114,Private room,55,2,63,12/30/2023,1.03,8,0,12,
31210362,Nest in Hazel,160340958,Jon,,FIFTEENTH WARD,42.67519,-73.82281,Private room,39,2,27,5/14/2023,0.44,1,354,1,
32279028,"Cosy, comfy and quiet for one",172223381,Diana,,EIGHTH WARD,42.64936,-73.80278,Private room,,1,194,1/25/2024,3.2,2,0,40,
32450400,Moroccan Sands,97330032,Sherrell,,FOURTH WARD,42.6761,-73.73825,Private room,122,3,0,,,1,179,0,
32993402,‚ú®Historic Full Amenities 2BR Apt @Downtown Albany,44434571,Earl,,SECOND WARD,42.64563,-73.75311,Entire home/apt,106,1,404,12/26/2023,6.76,6,194,35,
33558235,"‚ù£Ô∏èHistoric, Spacious & Fun 2BR Apt @Dwtown Albany",44434571,Earl,,SECOND WARD,42.64585,-73.75297,Entire home/apt,108,1,395,12/1/2023,6.73,6,322,45,
34330970,Muhammed Ali Lounge & Pool Hall ‚¨¢‚¨°,232967878,Diana,,SECOND WARD,42.64335,-73.7579,Entire home/apt,142,1,245,1/28/2024,4.29,19,0,54,
35793179,Cozy Bedroom in Historic Residential Home,15223767,Ed,,SEVENTH WARD,42.65259,-73.78223,Private room,50,1,149,12/12/2023,2.66,3,236,48,
35914565,The Poker Room ‚ô§ Downtown Albany,232967878,Diana,,SECOND WARD,42.64506,-73.75727,Entire home/apt,101,1,255,1/15/2024,4.54,19,73,53,
36443605,"Sophisticated, Chic 2BR in the heart of Albany",188679144,Elizabeth,,THIRTEENTH WARD,42.66619,-73.79031,Entire home/apt,,2,50,9/15/2023,0.9,8,363,3,
38321579,Comfy and quiet,172223381,Diana,,EIGHTH WARD,42.65085,-73.80239,Private room,55,1,288,2/8/2024,5.34,2,132,97,
39093517,Secure 5-Star Oasis with Purified Air & Parking,299638115,Dominick,,SIXTH WARD,42.65507,-73.76138,Entire home/apt,151,4,36,8/25/2023,0.71,3,357,2,
39698576,Huge Designer 1 bed close to Albany Med,188679144,Elizabeth,,NINTH WARD,42.65483,-73.78033,Entire home/apt,85,5,23,9/22/2023,0.44,8,365,1,
39836487,Completely Renovated Center Square Top FL Studio,306508346,Adem,,SIXTH WARD,42.65547,-73.7651,Entire home/apt,78,1,244,2/4/2024,4.69,2,65,71,
39864828,Stunning Bungalo-style Loft in downtown Albany,10313615,Matthew,,FOURTH WARD,42.66091,-73.74285,Entire home/apt,217,1,221,10/20/2023,4.43,1,257,28,
39873571,Lovely 2 bedroom apartment in downtown Albany.,306508346,Adem,,THIRD WARD,42.65682,-73.76298,Entire home/apt,78,1,139,8/30/2023,6.88,2,156,59,
40491172,"Renovated, private parking,location, washer dryer!",152762198,Allen,,THIRTEENTH WARD,42.66827,-73.79231,Entire home/apt,96,3,100,1/13/2024,1.96,8,332,19,
40828178,Comfortable! One Bedroom A/C Apartment Queen Bed,47491906,Lloyd,,FOURTH WARD,42.67773,-73.73899,Entire home/apt,111,1,166,8/7/2023,3.34,1,203,4,
41319631,Modern Carriage in the Heart of Albany,59864591,Daniel,,SIXTH WARD,42.65115,-73.7668,Entire home/apt,92,30,4,1/6/2023,0.11,1,11,0,
42009788,Chic & Stylish 2BR with separate entrance downtown,188679144,Elizabeth,,SIXTH WARD,42.65315,-73.76202,Entire home/apt,110,7,22,12/30/2023,0.45,8,356,7,
42092736,Private Bedroom in Cozy Ranch Home,41400541,John,,FOURTEENTH WARD,42.66403,-73.81446,Private room,45,1,132,1/28/2024,2.72,1,160,47,
42391372,Central Albany Apartment: Walk to State Capitol!,121680792,Evolve,,SECOND WARD,42.6469,-73.75761,Entire home/apt,178,3,27,10/27/2022,0.61,5,361,0,
42567833,Homey,339085327,Arkady,,NINTH WARD,42.65567,-73.7854,Entire home/apt,,70,0,,,1,365,0,
42763847,Charming dog friendly home with private yard!,649068,Anthony,,FIRST WARD,42.63876,-73.78535,Entire home/apt,150,1,92,12/31/2023,1.98,1,48,21,
42878766,Hope ON THE HILL,341431807,Rakee,,FIRST WARD,42.63085781,-73.77276296,Entire home/apt,115,2,2,1/29/2024,1.02,1,264,2,
43208391,Historic Downtown Albany Apartment,272907816,Angela,,SECOND WARD,42.64453,-73.75426,Entire home/apt,120,2,79,1/2/2024,1.91,4,77,14,
43459803,Luxury & Safety in Center Square + Parking,299638115,Dominick,,SIXTH WARD,42.65556,-73.76205,Entire home/apt,175,4,14,10/10/2023,0.38,3,289,3,
43736299,*The Blue House* Incredible 3 Bedroom Apartment,349460842,Scott,,TENTH WARD,42.66257,-73.78281,Entire home/apt,172,1,108,1/5/2024,2.45,5,354,27,
43955950,* Quaint home located in residential neighborhood*,232967878,Diana,,EIGHTH WARD,42.64383,-73.78926,Entire home/apt,245,2,67,12/28/2023,1.52,19,0,21,
44180048,Historic Queen Studio Across from Washington Park!,355777684,Lloyd,,SIXTH WARD,42.65935,-73.76805,Entire home/apt,116,1,321,1/21/2024,7.36,3,351,72,
44265426,Parkside Queen 1 Bedroom (1800's) Brownstone!,355777684,Lloyd,,SIXTH WARD,42.66006,-73.76966,Entire home/apt,132,1,280,12/25/2023,6.5,3,253,55,
44450012,Spacious upscale luxury apartment with huge yard,353498132,Michael,,EIGHTH WARD,42.64808,-73.7996,Entire home/apt,135,13,22,12/21/2023,0.52,5,225,2,
45024912,Private Apt Queen 1 Bed Sanctuary with many Extras,362851072,Elsa,,FOURTEENTH WARD,42.66132,-73.7956,Entire home/apt,129,1,118,10/9/2023,2.79,1,0,19,
45074220,"Historic Albany, Loft Apartment",272907816,Angela,,SECOND WARD,42.64454,-73.75369,Entire home/apt,97,2,29,10/9/2023,0.99,4,81,7,
45313545,Adorable & Trendy 1 Bd Apt Minutes to Albany Med!,165293595,Kori,,NINTH WARD,42.6545,-73.78223,Entire home/apt,76,2,102,1/20/2024,2.52,1,144,39,
45528939,UNIQUE Gem in HEART of Albany ‚òÖ Spiral Staircase,47625981,Linda,,SECOND WARD,42.64801,-73.75668,Entire home/apt,120,1,83,11/30/2023,2.24,15,335,23,
45529316,WOW ‚òÖ Bright Apt ‚òÖ PRIME downtown Walk Everywhere,47625981,Linda,,SECOND WARD,42.64821,-73.75793,Entire home/apt,120,1,93,1/9/2024,2.5,15,0,24,
45529447,‚òÖ 2 BEDROOM / 1 BATH TRENDY Apt ‚òÖ Downtown Albany,47625981,Linda,,SECOND WARD,42.64713,-73.75628,Entire home/apt,140,1,117,1/29/2024,3.17,15,0,29,
45804322,Home in Heart of Pine Hills,124848440,Emilie,,TENTH WARD,42.66137,-73.7904,Private room,100,1,138,12/26/2023,3.41,1,71,60,
46894493,Our Antique Bungalow,69789449,Dan,,NINTH WARD,42.65311,-73.78525,Entire home/apt,175,1,197,2/7/2024,5.36,1,241,55,
47334913,"Newly renovated,Amazing Location,private parking",152762198,Allen,,THIRTEENTH WARD,42.66646,-73.79184,Entire home/apt,95,3,60,1/22/2024,1.62,8,156,21,
47345872,Bright large 1 bdr loft in Center Sq -free parking,19648678,Terra,,SIXTH WARD,42.65345,-73.76663,Entire home/apt,140,2,40,9/3/2023,1.09,4,0,12,
47408047,"Quiet cozy apartment, private laundry, great spot!",152762198,Allen,,FOURTEENTH WARD,42.67156,-73.80883,Entire home/apt,79,3,41,1/2/2024,1.13,8,320,15,
47440071,Lux Loft Suite in Historic Jesse Buel House,382970529,Thomas,,THIRTEENTH WARD,42.6692,-73.79849,Private room,95,2,113,12/19/2023,3.02,10,0,41,
47828453,"Secure, Safe & Sanitized 2Bd Work, Relax in Albany",299638115,Dominick,,THIRD WARD,42.656,-73.76123,Entire home/apt,167,4,15,9/7/2022,0.41,3,361,0,
47902629,"Renovated 2br/2ba, close to Alb Med & St. Petes.",21886921,David,,THIRTEENTH WARD,42.66744,-73.79216,Entire home/apt,125,14,7,1/1/2024,0.2,2,335,1,
47943571,Downtown Albany 1 Bed + Workstation @ Maiden Lane,385664127,Dillon,,THIRD WARD,42.65118087,-73.75273894,Entire home/apt,104,1,128,2/7/2024,3.5,2,319,43,
48052353,*The Rustic Home* 3 Bedroom Second Floor Apartment,349460842,Scott,,TENTH WARD,42.66261,-73.78332,Entire home/apt,165,1,142,2/4/2024,3.88,5,354,29,
48124042,Downtown Albany 2 Bedroom + Workstation @ The Mark,385664127,Dillon,,THIRD WARD,42.64981845,-73.75090228,Entire home/apt,109,1,168,2/11/2024,5.47,2,207,48,
48172884,The Down Under Suite,98744672,Bela,,NINTH WARD,42.65399,-73.78126,Private room,45,2,48,1/15/2024,1.34,8,347,20,
48470454,"/ New Giant Victorian \ 7beds 6 baths + 2x 85"" TVs",4259750,Peter,,THIRTEENTH WARD,42.66526413,-73.78692627,Entire home/apt,595,2,29,12/3/2023,1.52,9,0,23,
48599533,Capital View I,392074908,Jerry,,SIXTH WARD,42.65429,-73.75986,Entire home/apt,89,2,89,9/14/2023,2.91,5,346,20,
49886937,VACATION TIME,219746338,Nicola,,FOURTH WARD,42.65854,-73.74926,Shared room,45,1,0,,,1,359,0,
50088935,Quiet 2-bedroom condo in the heart of Albany,172658781,Jessica,,THIRTEENTH WARD,42.66972,-73.79544,Entire home/apt,95,60,4,11/30/2022,0.14,2,358,0,
50171851,Beautiful Center Square Garden-Level Unit,48490017,Todd,,SIXTH WARD,42.65157,-73.76546,Entire home/apt,109,2,140,2/1/2024,4.6,1,201,58,
50207226,‚òÖ RARE 1BR Apt with Character GREAT Location! W/D‚òÖ,47625981,Linda,,FOURTH WARD,42.65888,-73.74673,Entire home/apt,115,1,68,11/1/2023,2.08,15,0,17,
50211226,Quiet Studio By Washington Park | Walkable!,105597161,Jake & Kate,,ELEVENTH WARD,42.66034,-73.77163,Entire home/apt,112,2,147,2/9/2024,5.68,1,252,68,
50354540,Designer 2BED Heart of Center Square,188679144,Elizabeth,,SIXTH WARD,42.65333,-73.76402,Entire home/apt,,3,9,8/13/2023,0.28,8,360,5,
50639032,"Sunny Queen bed, Quiet w/Beautiful Garden",172539578,David Yisrael,,FIFTEENTH WARD,42.67945,-73.81647,Private room,63,3,36,8/28/2023,1.24,3,136,6,
50890336,"‚òÖCHIC, Renovated Brownstone‚òÖ in PRIME DT Albany",47625981,Linda,,FOURTH WARD,42.65901,-73.74748,Entire home/apt,120,1,39,10/8/2023,1.26,15,345,11,
51230498,"Chic-romantic, center-city, hotel-style apartment.",414738935,Sonya,,THIRD WARD,42.66064,-73.76074,Entire home/apt,65,1,208,1/21/2024,6.67,1,0,65,
51461480,üçÉChic & Cozy Near Washington Park Garden Suite,416799784,Rosie,,TENTH WARD,42.65969,-73.77564,Entire home/apt,93,7,21,3/31/2023,0.75,1,102,1,
51503537,Walk to Everything Downtown Albany! Luxury Apt!,394420519,All Seasons,,THIRD WARD,42.65061,-73.75006,Entire home/apt,105,4,7,2/23/2023,0.24,1,160,1,
51560588,Steps 2 Capital,392074908,Jerry,,SIXTH WARD,42.65431,-73.75997,Entire home/apt,,365,42,9/10/2023,1.38,5,364,5,
51579900,‚òÖMODERN 1BR GREAT Location Downtown! W/D Parking!‚òÖ,47625981,Linda,,FOURTH WARD,42.65856,-73.74866,Entire home/apt,115,1,63,10/1/2023,2.07,15,358,22,
51592836,Lovely 1 Bedroom Unit In Historic Brownstone!,60293220,David,,THIRD WARD,42.65812,-73.74941,Entire home/apt,75,3,68,12/18/2023,2.38,3,348,26,
51710034,Empire Plaza View I,392074908,Jerry,,SIXTH WARD,42.65269,-73.76076,Entire home/apt,89,2,32,11/12/2023,1.07,5,195,11,
51960331,"Tuscan Garden Apt at Caf√© Capriccio Albany, NY",418024477,Marlene,,SECOND WARD,42.64684,-73.75614,Entire home/apt,125,1,77,8/20/2023,2.63,1,156,13,
52042995,A-Room for students & professionals close to all.,160832560,Luke,,FIFTEENTH WARD,42.67643,-73.82903,Private room,40,2,21,11/12/2023,0.78,1,322,8,
52152157,"Modern space, everything you could want!",152762198,Allen,,FIRST WARD,42.63066,-73.77357,Entire home/apt,99,3,48,12/17/2023,1.65,8,156,14,
52225409,3 bedroom single family home w/ off street parking,207800855,Iris,,TWELFTH WARD,42.68553,-73.79716,Entire home/apt,87,1,41,12/30/2023,1.48,3,0,27,
52241973,Garden Apartment in Historic Center Square Home,35465673,Jason,,SIXTH WARD,42.65641,-73.76413,Entire home/apt,87,1,197,1/31/2024,6.94,1,0,74,
52301345,Washington Park Brownstone-Large Luxury Bedroom 1,49100926,Clyde,,SIXTH WARD,42.65934,-73.76966,Private room,100,2,4,8/16/2022,0.17,4,362,0,
52359404,3 bedroom quiet neighborhood w/ off street parking,207800855,Iris,,FIFTEENTH WARD,42.67044,-73.82573,Entire home/apt,93,1,77,1/3/2024,2.69,3,354,37,
52360097,Empire Plaza View II,392074908,Jerry,,SIXTH WARD,42.65386,-73.75958,Entire home/apt,88,2,64,1/12/2024,2.2,5,0,9,
52569714,* Swanky Triplex in Historic building w/parking *,232967878,Diana,,SECOND WARD,42.64186,-73.75868,Entire home/apt,135,1,51,12/3/2023,1.78,19,81,16,
52611613,* Adorable home w/parking near great restaurants *,232967878,Diana,,NINTH WARD,42.65674,-73.79221,Entire home/apt,185,2,100,1/21/2024,3.52,19,82,42,
52615364,Unique one bedroom in the heart of downtown Albany,416465867,Chris,,THIRD WARD,42.65069,-73.75193,Entire home/apt,65,30,20,3/27/2022,0.7,1,103,0,
52619545,* Centrally located Eclectic vibe 2 bed w/parking,232967878,Diana,,THIRTEENTH WARD,42.67181,-73.79543,Entire home/apt,125,2,70,1/1/2024,2.44,19,87,28,
52691284,+ Perfect place to make memories with loved ones +,232967878,Diana,,TENTH WARD,42.66236,-73.79245,Entire home/apt,600,2,57,1/21/2024,2.01,19,0,18,
52836323,*Hidden gem w/in walking distance to Madison Ave *,232967878,Diana,,THIRTEENTH WARD,42.67131,-73.7921,Entire home/apt,145,1,56,1/20/2024,2.15,19,0,31,
52837196,‚òÖMODERN 1BR Apt w/ PRIVATE deck! W/D‚òÖ,47625981,Linda,,FOURTH WARD,42.65812,-73.74837,Entire home/apt,116,1,58,1/29/2024,2.06,15,359,19,
52863776,Washington Parkside 1 Bedroom In 1800s Brownstone!,355777684,Lloyd,,SIXTH WARD,42.65826,-73.76944,Entire home/apt,119,1,145,2/10/2024,5.18,3,323,60,
52923647,Cozy 3BR House in Whitehall near DT Albany,428451585,Erwin,,EIGHTH WARD,42.64792,-73.79953,Entire home/apt,,3,0,,,1,364,0,
53115382,Cozy 1-bdrm apt with off street parking,207800855,Iris,,FIFTEENTH WARD,42.67004,-73.82367,Entire home/apt,88,2,27,5/24/2023,0.99,3,7,1,
53312101,* 1 bed near Times Union center & Egg w/parking *,232967878,Diana,,SECOND WARD,42.64369,-73.7581,Entire home/apt,96,1,41,1/14/2024,1.5,19,81,25,
53483727,Spacious Urban APT w/4BR & Office in Albany,433096110,Brian,,FOURTEENTH WARD,42.65824,-73.80114,Entire home/apt,196,1,100,2/11/2024,3.88,3,250,38,
53567589,Private Garden Apt in Downtown Albany|Pets Allowed,433096110,Brian,,SIXTH WARD,42.65204,-73.76655,Entire home/apt,99,1,174,1/29/2024,6.57,3,324,71,
53645427,‚òÖ BEAUTIFUL  2 BED 2 BATH  w/ SOAKER TUB + W/D‚òÖ,47625981,Linda,,FOURTH WARD,42.65913,-73.74722,Entire home/apt,150,1,75,1/1/2024,2.83,15,344,32,
53860077,/ Gorgeous Garden Getaway\ 1943 SUNY Eagle Hill,4259750,Peter,,FIFTEENTH WARD,42.674675,-73.822861,Entire home/apt,224,1,16,11/18/2023,0.69,9,354,7,
53971505,Charming 1 Bdrm Garden Apt in Historic Brownstone,60293220,David,,FOURTH WARD,42.65873,-73.7494,Entire home/apt,,13,3,12/31/2022,0.13,3,364,0,
54097694,B Unieke,438504176,Roland,,SECOND WARD,42.64683,-73.75662,Entire home/apt,,1,0,,,1,364,0,
54126420,Beautiful 1 bedroom in a quiet residential area.,37769478,Erion,,TENTH WARD,42.66261,-73.79026,Entire home/apt,79,1,65,2/4/2024,3.18,8,358,22,
54126421,Beautiful Apartment in the heart of Albany,37769478,Erion,,SIXTH WARD,42.65422,-73.76996,Entire home/apt,100,1,54,2/4/2024,2.35,8,355,24,
54126427,Beautiful 1 bedroom In the heart of Albany,37769478,Erion,,SIXTH WARD,42.65403,-73.77056,Entire home/apt,100,1,101,1/14/2024,3.95,8,315,4,
54128829,Modern & Cozy Cntr Square Townhouse Gem from 1854,265709295,Richard & Priscela,,SIXTH WARD,42.65594,-73.76591,Entire home/apt,195,1,186,2/3/2024,7.7,1,0,82,
54150131,Charming 170-Year-Old Home in the Heart of Albany,432936385,Jared,,SIXTH WARD,42.65155,-73.765,Entire home/apt,148,1,115,2/11/2024,4.95,1,260,72,
54232383,Lovely 2 bedroom unit with indoor fireplace.,272907816,Angela,,SECOND WARD,42.64459,-73.75392,Entire home/apt,125,2,5,11/6/2022,0.28,4,43,0,
54369238,"Cozy townhouse, close to hospital, free parking!",152762198,Allen,,NINTH WARD,42.65578,-73.78641,Entire home/apt,100,3,31,12/25/2023,1.83,8,132,23,
54369240,Lovely 1 bedroom rental close to Alb Med!,152762198,Allen,,TENTH WARD,42.65905,-73.77964,Entire home/apt,80,2,36,2/9/2024,1.71,8,356,24,
5.14348E+17,Cozy apartment in Historic Brownstone,166246610,Shawn,,THIRD WARD,42.65742,-73.74985,Entire home/apt,95,4,28,1/27/2024,1.08,2,74,12,
5.52126E+17,Washington Park Brownstone-Large Luxury Bedroom 2,49100926,Clyde,,SIXTH WARD,42.65902,-73.7701,Private room,110,2,4,1/20/2023,0.17,4,227,0,
5.53841E+17,Washington Park Brownstone-Large Private Lux Rm 3,49100926,Clyde,,SIXTH WARD,42.6595,-73.76938,Private room,100,2,4,7/2/2023,0.17,4,226,2,
5.54082E+17,Washington Park Brownstone- Large Luxury Bedroom 4,49100926,Clyde,,SIXTH WARD,42.6598,-73.76995,Private room,100,2,6,10/2/2022,0.25,4,227,0,
5.5925E+17,Cozy 1 bedroom with office and luxurious King size,433884293,Uniah,,NINTH WARD,42.66062,-73.79112,Entire home/apt,,6,2,6/26/2023,0.12,1,363,1,
5.63712E+17,/Purple Potty Penthouse\ 1928 Pine Hill 4Bed 1Bath,4259750,Peter,,THIRTEENTH WARD,42.66919,-73.78672,Entire home/apt,444,2,6,12/24/2022,0.25,9,364,0,
5.65172E+17,Lovely 1 bed apartment close to MVP Arena,232967878,Diana,,SECOND WARD,42.64342,-73.75742,Entire home/apt,120,1,66,1/13/2024,2.73,19,0,30,
5.81058E+17,‚óÜUNIQUE‚óÜ spacious LOFT with photo studio w/d!,47625981,Linda,,THIRD WARD,42.65848,-73.76359,Entire home/apt,115,1,37,1/27/2024,1.59,15,0,17,
5.88298E+17,Modern one bedroom with free off street parking,353498132,Michael,,SECOND WARD,42.64441,-73.75647,Entire home/apt,110,13,10,1/10/2024,0.5,5,199,5,
5.93272E+17,Lux Suite at the Historic Jesse Buel House.,382970529,Thomas,,THIRTEENTH WARD,42.66911,-73.79869,Private room,89,2,78,1/30/2024,3.97,10,0,55,
5.94827E+17,Oversized studio with free parking & Netflix,232967878,Diana,,SECOND WARD,42.64252,-73.75688,Entire home/apt,119,1,68,1/28/2024,2.98,19,0,39,
6.10091E+17,Cozy rental near hospitals! Off street parking,40548251,Reyana,,NINTH WARD,42.652049,-73.7949665,Entire home/apt,102,2,30,1/17/2024,1.96,1,328,21,
6.17242E+17,Iconic City Center Apt in Downtown | Pets Allowed,433096110,Brian,,SIXTH WARD,42.65353,-73.7679,Entire home/apt,113,1,107,2/11/2024,4.95,3,286,54,
6.18673E+17,Huge apartment with balcony and park views,2554853,Nim,,SIXTH WARD,42.65547943,-73.76625061,Entire home/apt,70,4,6,1/18/2024,0.39,1,230,5,
6.19695E+17,Modern luxury one bedroom with off street parking,353498132,Michael,,SECOND WARD,42.64489,-73.75731,Entire home/apt,120,13,6,1/31/2024,0.31,5,246,3,
6.20481E+17,"Lovely renovated, 2-bedroom home with free parking",457678547,Najeem Adegbemiga,,SEVENTH WARD,42.640217,-73.780815,Entire home/apt,120,2,12,12/23/2023,0.67,1,362,6,
6.2196E+17,One-of-a-Kind Luxe Urban Farmhouse w/ Heated Pool,382970529,Thomas,,FOURTEENTH WARD,42.66762,-73.79919,Entire home/apt,1209,2,7,12/28/2023,0.36,10,191,2,
6.23102E+17,Walk everywhere! Stylish apartment for up to 5,1176120,Julia,,THIRD WARD,42.65723,-73.75684,Entire home/apt,99,1,124,2/9/2024,5.79,3,80,60,
6.23454E+17,Lovely 3 bedroom unit in Albany,249258548,Umer,,SEVENTH WARD,42.64372,-73.78426,Entire home/apt,130,2,25,11/24/2023,1.17,4,0,7,
6.25347E+17,Charming Garden Apartment in Center Square,12742779,Kathryn,,SIXTH WARD,42.65347,-73.7662,Entire home/apt,105,1,176,2/9/2024,8.56,1,290,112,
6.25351E+17,Lovely private room in Albany,249258548,Umer,,SEVENTH WARD,42.64318,-73.78386,Private room,53,4,10,7/14/2023,0.47,4,175,3,
6.25362E+17,Lovely private room in Albany,249258548,Umer,,SEVENTH WARD,42.64242,-73.78536,Private room,53,4,12,8/2/2023,0.58,4,174,6,
6.27627E+17,Lovely private bedroom in Albany,249258548,Umer,,SEVENTH WARD,42.64198,-73.78413,Private room,53,4,6,7/26/2023,0.29,4,175,2,
6.28163E+17,‚òÖSPACIOUS 1BR Apt w/ Character 10ft Ceilings W/D!‚òÖ,47625981,Linda,,SECOND WARD,42.64528,-73.75861,Entire home/apt,120,1,36,10/29/2023,1.75,15,357,23,
6.28824E+17,Clean lines and accessible Convenient Location!,7164949,Jordan,,THIRD WARD,42.66169975,-73.76466828,Private room,,2,0,,,1,88,0,
6.31035E+17,‚òÖPRIVATE 1 BDRM Newly Renovated Apt W/D Patio‚òÖ,47625981,Linda,,SECOND WARD,42.64558,-73.75928,Entire home/apt,115,1,40,10/30/2023,1.92,15,237,22,
6.31779E+17,Lovely 3-bedroom apartment with indoor fireplace.,272907816,Angela,,SECOND WARD,42.645252,-73.753433,Entire home/apt,151,2,11,1/15/2024,0.91,4,0,11,
6.34108E+17,Perfect for Families  and Traveling Professionals,119340359,Lori,,SIXTH WARD,42.65323,-73.76797,Entire home/apt,196,1,78,2/4/2024,3.77,2,0,43,
6.36902E+17,Cozy Private Room in a Residential House in Albany,376794541,Neha,,ELEVENTH WARD,42.6635364,-73.7778236,Private room,43,10,21,8/16/2023,1.1,3,179,8,
6.37104E+17,Walk everywhere! Stylish downtown Albany 2BR,1176120,Julia,,THIRD WARD,42.65802,-73.756165,Entire home/apt,108,1,122,1/28/2024,5.89,3,0,69,
6.42909E+17,Charming City Retreat | Walk to Dining + Park,462767507,Joshua,,SIXTH WARD,42.65427,-73.76455,Entire home/apt,90,3,25,1/29/2024,1.33,4,341,19,
6.4657E+17,Peaceful 2 bedroom condo in the heart of Albany,172658781,Jessica,,THIRTEENTH WARD,42.66897,-73.79653,Entire home/apt,100,30,0,,,2,83,0,
6.49974E+17,Modern luxury studio with free off street parking,353498132,Michael,,SECOND WARD,42.64625,-73.75663,Entire home/apt,90,14,5,8/5/2023,0.28,5,225,2,
6.52889E+17,Hali Haven Downtown Albany MVP Arena,426253886,Aggie,,SECOND WARD,42.64595,-73.76196,Entire home/apt,84,1,46,12/31/2023,2.49,3,335,28,
6.53434E+17,Lovely apartment in heart of Albany,1761578,Grant,,SIXTH WARD,42.65389,-73.76538,Entire home/apt,116,2,1,3/20/2023,0.09,2,84,1,
6.54303E+17,‚òÖ Private 1 bdrm w/ backyard access ‚òÖ In-unit W/D,47625981,Linda,,FOURTH WARD,42.65752,-73.74743,Entire home/apt,115,1,36,10/1/2023,1.87,15,272,21,
6.5676E+17,Cabana Fairytale apartment inclusive washer dryer,39656001,Urbangem,,SECOND WARD,42.64493,-73.75725,Entire home/apt,,5,0,,,6,364,0,
6.57131E+17,Lovely Garden Apt. in Historic Brownstone,166246610,Shawn,,THIRD WARD,42.65795,-73.75092,Entire home/apt,101,4,14,1/6/2024,0.74,2,257,10,
6.58638E+17,CHEERFULL 3 BEDROOM HOME WITH FREE PARKING.,466389096,Patrice,,FIRST WARD,42.6374547,-73.7716647,Entire home/apt,159,5,5,9/22/2023,0.26,3,290,3,
6.59272E+17,"Downtown 1 bedroom 
on the park.",188046954,Jonathan,,SIXTH WARD,42.65808213,-73.77000952,Entire home/apt,110,3,0,,,1,269,0,
6.62133E+17,Beautiful 4 bedroom house Large eat in kitchen,466389096,Patrice,,FIRST WARD,42.6382401,-73.7719405,Entire home/apt,120,5,1,7/15/2022,0.05,3,364,0,
6.67645E+17,Pied-a-terre albany,439560254,Sean,,SIXTH WARD,42.65541381,-73.76367521,Entire home/apt,118,2,62,2/11/2024,3.29,1,0,38,
6.68608E+17,The Rose Room at Historic Buel House,382970529,Thomas,,FOURTEENTH WARD,42.66758,-73.7992,Private room,75,2,91,2/2/2024,4.71,10,0,56,
6.68608E+17,The Silk and Sun Room at Historic Jesse Buel House,382970529,Thomas,,FOURTEENTH WARD,42.66764,-73.79908,Private room,75,2,81,2/3/2024,4.19,10,0,53,
6.69022E+17,Beautiful home in the upstate ny,468871633,Wayne,,FIFTH WARD,42.66381,-73.75919,Entire home/apt,125,7,2,12/22/2022,0.12,1,288,0,
6.77623E+17,**New Listing! Modern 2 bdrm Apt in Mansion Area!,203631769,Johnny,,SECOND WARD,42.64531,-73.75963,Entire home/apt,,2,28,9/29/2023,1.54,1,0,11,
6.77764E+17,Peaceful 3 Bedroom in the Heart of Central Albany,471187792,Romel,,THIRTEENTH WARD,42.6694413,-73.7974941,Entire home/apt,,1,56,1/26/2024,3.02,1,0,33,
6.81241E+17,Tranquil Master Bedroom,376794541,Neha,,ELEVENTH WARD,42.66305,-73.77726,Private room,47,10,6,1/5/2024,0.56,3,168,6,
6.81264E+17,"Comfy private room in a Residential House, Albany",376794541,Neha,,ELEVENTH WARD,42.66286,-73.77817,Private room,45,10,11,2/1/2024,0.59,3,175,5,
6.81938E+17,Lovely studio apartment with 1 bedroom.,466389096,Patrice,,FIRST WARD,42.63716,-73.77227,Entire home/apt,60,7,0,,,3,272,0,
6.81952E+17,Albany-2 bedrooms apt (1st fl) A&A-Sisters Rental,461579260,Md,,SECOND WARD,42.646896,-73.757612,Entire home/apt,140,1,2,8/20/2023,0.17,2,165,2,
6.82688E+17,Lovely 4 bed 2 bath located near St Rose,232967878,Diana,,TENTH WARD,42.66172,-73.78497,Entire home/apt,179,1,82,1/21/2024,4.4,19,0,56,
6.841E+17,Cozy 1BR with Patio in the Heart of Albany,1176120,Julia,,THIRD WARD,42.65732,-73.75676,Entire home/apt,99,1,78,1/28/2024,4.18,3,67,53,
6.85516E+17,Lovely Unit with Free Parking on Premises,392074908,Jerry,,SEVENTH WARD,42.64759,-73.77049,Entire home/apt,99,2,5,8/27/2023,0.27,5,362,2,
6.87497E+17,Albany-3 bedrooms apt (2nd fl) A&A-Sisters Rental,461579260,Md,,SECOND WARD,42.64621,-73.75723,Entire home/apt,,1,4,5/28/2023,0.24,2,165,2,
6.88355E+17,Albany-3 bedrooms apt (3rd fl) A&A-Sisters Rental,474123093,Lipa,,SECOND WARD,42.646896,-73.757612,Entire home/apt,169,1,12,7/26/2023,0.65,1,0,6,
6.89719E+17,"Elegant, spacious studio apt in historic mansion",1717342,David,,SIXTH WARD,42.65405765,-73.760713,Entire home/apt,105,1,145,2/13/2024,7.98,2,212,112,
6.91213E+17,Lovely 2 bedroom in beautiful private residence,474507921,Hyacinth,,TENTH WARD,42.66344638,-73.78874122,Private room,,1,21,4/9/2023,1.21,1,0,3,
6.92808E+17,Relax in Style by Washington Park - Free Parking,67337944,Rabia,,ELEVENTH WARD,42.6623,-73.777,Entire home/apt,105,1,65,2/6/2024,4.72,1,0,62,
6.95129E+17,Cozy 1-bedroom bungalow with office,130759460,Kelsey,,EIGHTH WARD,42.64971,-73.80079,Entire home/apt,,4,7,8/26/2023,0.45,1,0,3,
6.99074E+17,Luxurious 2 bedroom 2 bathroom Historical Mansion,476189412,Timothy,,SECOND WARD,42.6468502,-73.7587258,Entire home/apt,299,28,5,5/14/2023,0.3,2,74,2,
7.00173E+17,"the Blake; Full bed in the city, free parking",442491470,Brigid,,ELEVENTH WARD,42.66247,-73.77469,Private room,34,3,14,12/8/2023,0.78,1,359,6,
7.0566E+17,Luxurious one bedroom with off-street parking,353498132,Michael,,SECOND WARD,42.64577,-73.7583,Entire home/apt,110,13,3,8/13/2023,0.22,5,353,2,
7.08041E+17,"Hilts & Kinfolks, LLC - Albany Private Room 2",478008190,Edward,,FOURTEENTH WARD,42.66008,-73.79816,Private room,27,30,4,8/16/2023,0.28,3,319,3,
7.0806E+17,"Hilts & Kinfolks, LLC - Albany, Private Room 3",478008190,Edward,,FOURTEENTH WARD,42.65929701,-73.79720148,Private room,27,30,2,5/23/2023,0.13,3,341,1,
7.08068E+17,"Hilts & Kinfolks, LLC - Albany Private Room 1",478008190,Edward,,FOURTEENTH WARD,42.65935889,-73.7972692,Private room,26,30,4,8/5/2023,0.27,3,306,2,
7.08148E+17,Mambo House Downtown Albany Governor's Mansion,426253886,Aggie,,SECOND WARD,42.64638,-73.76146,Entire home/apt,86,1,37,1/27/2024,2.22,3,343,28,
7.17373E+17,Centrally located 2 bed w/ off street parking,232967878,Diana,,THIRTEENTH WARD,42.6732,-73.79199,Entire home/apt,136,2,30,1/8/2024,1.89,19,87,22,
7.23957E+17,"Modern home, King Bed 4 bed 2bath, Crib,parking",10279606,Nori,,NINTH WARD,42.65691,-73.78389,Entire home/apt,185,1,117,2/8/2024,7.71,1,0,94,
7.24567E+17,Cozy Greenwood Flat (1 BDR Apartment in Albany),360287870,Mela,,SIXTH WARD,42.6513719,-73.7673156,Entire home/apt,117,2,19,1/21/2024,3.45,1,288,19,
7.29132E+17,Bright + Modern 1BR APT w Empire Plaza/Egg View,481974689,Lucy,,THIRD WARD,42.65103,-73.7574,Entire home/apt,,3,23,4/29/2023,1.4,1,0,7,
7.33965E+17,Historic 1 bed/ 1 bath,502037254,Andrew,,SIXTH WARD,42.65035,-73.76549,Entire home/apt,68,14,1,3/26/2023,0.09,1,310,1,
7.3588E+17,Historic & Homey 1 Bedroom Apt @ Downtown Albany,44434571,Earl,,THIRD WARD,42.64564,-73.75261,Entire home/apt,89,1,31,1/10/2024,1.97,6,349,24,
7.36123E+17,Albany Apartment w/ Deck - Walk to Capitol!,121680792,Evolve,,SIXTH WARD,42.65245,-73.76294,Entire home/apt,216,2,8,7/9/2023,0.51,5,183,4,
7.36894E+17,Lovely private room in center square or $700/mo,77367219,Elizabeth,,SIXTH WARD,42.65643,-73.76402,Private room,,30,2,11/28/2022,0.13,1,277,0,
7.37574E+17,4 bed all on one floor,232967878,Diana,,TENTH WARD,42.66069,-73.78555,Entire home/apt,186,1,31,10/23/2023,2.03,19,0,27,
7.39723E+17,Adirondack Suite #1,98744672,Bela,,NINTH WARD,42.6543178,-73.7818222,Private room,45,2,20,1/12/2024,1.26,8,330,17,
7.436E+17,Cozy apartment 2min walk to Albanymed office space,484673863,Blossom Estates,,NINTH WARD,42.65569,-73.77685,Entire home/apt,145,1,4,1/26/2023,0.29,2,360,0,
7.44431E+17,"1 Bedroom on Lincoln Park, near Lark and Downtown",65414985,James,,SEVENTH WARD,42.6496,-73.76792,Entire home/apt,81,2,9,12/30/2023,0.88,2,282,9,
7.50749E+17,Clean Escape- Centrally located- Self Check-In,255839958,Kira,,SEVENTH WARD,42.64284,-73.77997,Entire home/apt,131,1,11,7/30/2023,0.74,1,358,9,
7.51421E+17,Modern- Cozy Center City 2 Bedroom Apartment Style,486073806,Keneisha,,FIFTH WARD,42.66648,-73.76831,Entire home/apt,91,2,12,10/22/2023,1,1,0,12,
7.52119E+17,Cozy luxury brownstone w/ parking & yard,258664571,Vorakij,,SECOND WARD,42.64439385,-73.75975702,Entire home/apt,134,2,33,1/14/2024,2.8,2,0,33,
7.52337E+17,Penthouse Brownstone w/ luxury amenities,258664571,Vorakij,,SECOND WARD,42.6444412,-73.7597141,Entire home/apt,141,2,26,1/29/2024,2.56,2,346,26,
7.56753E+17,Private Room in the Center of the Albany,69729286,Musab,,SIXTH WARD,42.65259,-73.76732,Private room,50,3,13,1/26/2024,0.95,2,159,11,
7.57342E+17,Grand Center Square Studio,188679144,Elizabeth,,SIXTH WARD,42.65534,-73.76461,Entire home/apt,70,7,10,1/21/2024,0.67,8,276,7,
7.57978E+17,Charming location near universities & hospital,232967878,Diana,,THIRTEENTH WARD,42.67348,-73.7934,Entire home/apt,128,2,21,12/3/2023,1.77,19,0,21,
7.61142E+17,"Great place in the heart of Albany, with Parking",37769478,Erion,,SIXTH WARD,42.65405,-73.76953,Entire home/apt,110,1,20,10/22/2023,1.41,8,356,15,
7.64509E+17,Aligned space to share,6203319,Melissa,,TENTH WARD,42.66117,-73.79091,Private room,75,1,8,11/5/2023,0.54,3,85,7,
7.74701E+17,Entire cozy unit in Albany,261036923,Hasan,,FOURTEENTH WARD,42.6601,-73.80719,Entire home/apt,63,1,36,2/10/2024,2.63,1,255,31,
7.75646E+17,Casa Coquette home away from home 2BDRM w/ office,115597810,Massi,,SIXTH WARD,42.6518469,-73.7642072,Entire home/apt,155,2,23,2/8/2024,1.67,1,69,21,
7.77069E+17,Cozy Private Hideaway,442094566,Queen,,THIRD WARD,42.65725,-73.75065,Entire home/apt,110,1,41,2/9/2024,3,1,0,37,
7.82849E+17,Quiet Apt near the Empire State Plaza,491607190,Abba,,SIXTH WARD,42.65183,-73.76594,Entire home/apt,110,1,9,8/5/2023,0.66,6,12,8,
7.84781E+17,Private bedroom and private bath,491907850,Donna,,FOURTEENTH WARD,42.66298,-73.81361,Private room,60,1,11,10/20/2023,0.9,1,83,11,
7.86181E+17,Lovely Junior 1BED,188679144,Elizabeth,,THIRD WARD,42.65653,-73.76223,Entire home/apt,,1,3,1/27/2024,0.48,8,360,3,
7.86197E+17,Mansion in Albany 7minutes to Downtown Albany,444163492,Drasana,,FOURTH WARD,42.67996,-73.75352,Entire home/apt,538,3,11,1/15/2024,0.92,1,126,11,
7.86228E+17,Glam 1BR center square,188679144,Elizabeth,,SIXTH WARD,42.65322,-73.76249,Entire home/apt,110,2,2,1/14/2024,0.44,8,362,2,
7.86316E+17,Elegant newly renovated cozy smart apartment,253824490,Tomar & Kash,,FIFTH WARD,42.65915031,-73.75431933,Entire home/apt,95,2,31,12/13/2023,2.47,1,245,29,
7.87024E+17,*The Allen House* NEW! Gorgeous Apt - Sleeps 8,349460842,Scott,,FOURTEENTH WARD,42.6653,-73.7943,Entire home/apt,188,1,45,1/28/2024,3.82,5,0,45,
7.88301E+17,Spacious 2 bed w/parking,232967878,Diana,,SECOND WARD,42.64324,-73.75732,Entire home/apt,150,1,38,1/1/2024,2.78,19,0,35,
7.93223E+17,Cozy & Boho One Bed Apartment,462767507,Joshua,,SIXTH WARD,42.65489,-73.77061,Entire home/apt,102,3,11,12/2/2023,0.89,4,319,10,
7.94723E+17,Updated 3/1 unit for Professionals and Families,20144241,Carla,,FIFTH WARD,42.67283,-73.77367,Entire home/apt,104,3,6,11/21/2023,0.68,1,254,6,
7.95542E+17,Victorian Mansion on Washington Park,493882819,Terra,,NINTH WARD,42.656329,-73.7752048,Private room,779,1,1,8/13/2023,0.16,6,264,1,
7.96231E+17,Washington Park Inn - Room 4,493882819,Terra,,NINTH WARD,42.65582,-73.77541,Private room,136,1,7,1/19/2024,1.01,6,309,7,
7.96983E+17,Bright and Sunny Private Apartment in Albany,18760261,Shane,,NINTH WARD,42.6538578,-73.7855281,Entire home/apt,88,3,13,11/23/2023,1.19,1,237,13,
7.97455E+17,Alb Medical/colleges/Dtw Alb/Green Rm. Share,89705052,Share,,TENTH WARD,42.65741,-73.78034,Private room,55,2,10,11/17/2023,0.79,3,77,9,
7.98449E+17,1 Bedroom Garden Level Suite,222612368,Patrick,,SIXTH WARD,42.65315,-73.77012,Entire home/apt,80,30,2,5/18/2023,0.18,1,364,2,
7.98715E+17,Cozy 1st Floor Apartment near the NYS Museum,491607190,Abba,,SIXTH WARD,42.65038,-73.76664,Entire home/apt,,1,6,12/23/2023,0.48,6,0,5,
8.01366E+17,Charming Albany Retreat ~ 3 Mi to Downtown!,121680792,Evolve,,THIRTEENTH WARD,42.66958,-73.79722,Entire home/apt,126,2,9,8/27/2023,0.76,5,349,9,
8.02217E+17,Washington Park Inn - Room 6,493882819,Terra,,SIXTH WARD,42.65751,-73.77409,Private room,136,1,4,11/24/2023,0.62,6,296,4,
8.03581E+17,Sophisticated Lux apartment,23490148,Fran,,TENTH WARD,42.6601122,-73.7754681,Entire home/apt,120,1,5,10/22/2023,0.38,1,317,3,
8.03605E+17,3br/2ba Near Alb Med & St.Petes.,21886921,David,,FOURTEENTH WARD,42.66691,-73.79338,Entire home/apt,125,14,1,6/20/2023,0.13,2,288,1,
8.03814E+17,Washington Park Inn - Room 5,493882819,Terra,,NINTH WARD,42.656329,-73.775205,Private room,136,1,3,8/27/2023,0.43,6,297,3,
8.03868E+17,Washington Park Inn - Room 1,493882819,Terra,,NINTH WARD,42.656329,-73.775205,Private room,136,1,4,7/28/2023,0.56,6,302,4,
8.05897E+17,Chadell's Chateau,496444061,Diana,,THIRD WARD,42.65588,-73.75332,Entire home/apt,89,1,58,1/25/2024,4.81,1,159,58,
8.06768E+17,& Modern Luxury Cottage in Central ALB,110453341,Alexis,,FIFTH WARD,42.6684126,-73.7684199,Entire home/apt,103,1,18,10/29/2023,1.41,1,256,15,
8.12481E+17,Adorable Albany Apartment!,266096073,Caroline,,THIRTEENTH WARD,42.67239,-73.79418,Entire home/apt,88,3,31,12/29/2023,2.57,1,27,31,
8.1364E+17,The front room w/ TV and king size bed,116935236,Fs,,THIRTEENTH WARD,42.67143615,-73.7903255,Private room,50,2,10,12/31/2023,1.53,4,180,10,
8.16085E+17,Cozy Apartment across the Park,37769478,Erion,,SIXTH WARD,42.65258,-73.76917,Entire home/apt,85,1,25,12/11/2023,2.02,8,350,24,
8.17161E+17,Sophisticated Albany Vacation Rental,121680792,Evolve,,TENTH WARD,42.66011,-73.77547,Entire home/apt,101,2,0,,,5,318,0,
8.21566E+17,COMFY Room/w Private BATH + TV,177073982,Cristian,,FOURTEENTH WARD,42.66109,-73.80479,Private room,55,2,3,11/30/2023,0.26,2,287,3,
8.23276E+17,Cozy Home 5 Minute Drive to Albany Med Hospital,500360485,Manjano,,SIXTH WARD,42.65184046,-73.77073691,Entire home/apt,,2,0,,,1,0,0,
8.26302E+17,2 br apt 2 min walk to albanymed offstreet parking,484673863,Blossom Estates,,NINTH WARD,42.65613,-73.77469,Entire home/apt,157,1,17,1/28/2024,1.42,2,302,17,
8.31123E+17,Boho-Chic Cape  Conveniently Located,68750004,Tiffany,,FIFTEENTH WARD,42.67076,-73.82612,Entire home/apt,232,2,47,2/4/2024,4.15,1,184,47,
8.41524E+17,Mellow Cove,462042479,Natasha,,SIXTH WARD,42.66007584,-73.76976949,Entire home/apt,120,2,1,9/4/2023,0.18,2,261,1,
8.41524E+17,Cozy Cove Away From Home,462042479,Natasha,,SIXTH WARD,42.65987,-73.77025,Entire home/apt,120,2,11,12/3/2023,1.42,2,0,11,
8.43481E+17,Gorgeous center square 2 BR,188679144,Elizabeth,,SIXTH WARD,42.65481,-73.76352,Entire home/apt,,1,2,9/4/2023,0.18,8,362,2,
8.4596E+17,Modern Cottage-Perfect for Groups!,268741708,Nanette,,FIRST WARD,42.63504,-73.79833,Entire home/apt,236,2,46,1/28/2024,4.22,1,117,46,
8.46586E+17,Spacious Home Away from Home!,49372011,Phil,,TWELFTH WARD,42.67336,-73.78619,Entire home/apt,175,3,12,2/2/2024,1.17,2,292,12,
8.4946E+17,Your luxury home away from home,1761578,Grant,,SIXTH WARD,42.65432,-73.76531,Entire home/apt,288,2,0,,,2,260,0,
8.50173E+17,Stunning Guest Suite in Historic 1874 Row House,120815848,Phat,,SECOND WARD,42.6446,-73.75885,Private room,90,1,62,1/12/2024,5.92,1,330,62,
8.50654E+17,"Private queen bedroom near hospitals, schools",20536619,Emily,,THIRTEENTH WARD,42.67177,-73.79464,Private room,58,5,5,11/3/2023,0.75,3,143,5,
8.55337E+17,Eclectic diverse pets fenced yard,186074828,Blake,,SECOND WARD,42.6457663,-73.7586141,Entire home/apt,85,1,28,12/3/2023,2.69,1,81,28,
8.57982E+17,Updated Historic Brownstone Apt.,60293220,David,,THIRD WARD,42.65817,-73.74935,Entire home/apt,78,3,11,12/16/2023,1.24,3,340,11,
8.70293E+17,A Charming  Quiet Unit in a Two-Family House,510191554,He,,FOURTEENTH WARD,42.66947,-73.81607,Entire home/apt,79,1,48,12/17/2023,4.77,1,8,48,
8.70457E+17,Quiet Room Near Everything,177073982,Cristian,,FOURTEENTH WARD,42.66128,-73.80548,Private room,55,3,2,2/2/2024,0.44,2,0,2,
8.79055E+17,Hot tub + close to everything!,24423279,Leslie,,FOURTEENTH WARD,42.66065,-73.80439,Private room,169,7,0,,,1,263,0,
8.80291E+17,Spacious 3BR with 2BA & Laundry,49372011,Phil,,ELEVENTH WARD,42.67355,-73.78496,Entire home/apt,175,2,19,1/26/2024,2.06,2,107,19,
8.81232E+17,Exposed Brick with Park Views,37769478,Erion,,SIXTH WARD,42.65379,-73.76901,Entire home/apt,89,1,8,6/13/2023,0.83,8,285,8,
8.8223E+17,Modern / Downtown Albany 1 BR APT,512736975,Miguelino,,TENTH WARD,42.6599733,-73.7747433,Entire home/apt,80,2,32,2/4/2024,3.52,1,171,32,
8.87168E+17,The Comfort II,459472925,Gabriel,,THIRD WARD,42.66246,-73.76576,Private room,45,1,14,2/2/2024,1.65,2,355,14,
8.87179E+17,The Comfort,459472925,Gabriel,,THIRD WARD,42.6628771,-73.7653403,Private room,45,1,11,9/15/2023,1.21,2,360,11,
8.88859E+17,Downtown Albany Apartment: Walkable Location!,121680792,Evolve,,THIRD WARD,42.6573,-73.7521,Entire home/apt,114,2,3,8/27/2023,0.33,5,352,3,
8.97798E+17,2 Bedroom in quiet neighborhood,37769478,Erion,,TENTH WARD,42.66215778,-73.79234534,Entire home/apt,100,1,9,1/21/2024,1.12,8,358,9,
8.98744E+17,"Airy Colonial Style 5 Br, 2 Ba, Kids Rm & Parking!",516414095,Rashawn,,TENTH WARD,42.66087,-73.78655,Entire home/apt,191,2,29,2/11/2024,3.61,1,0,29,
9.02166E+17,2 bdrm Modern & Hip Apt w/ Patio,47625981,Linda,,SEVENTH WARD,42.64787,-73.76707,Entire home/apt,155,1,21,12/26/2023,2.61,15,308,21,
9.02327E+17,*The LEO Home* Private Bedrooms,349460842,Scott,,TENTH WARD,42.66174,-73.78325,Private room,63,90,0,,,5,270,0,
9.04393E+17,/Luxury Modern Western Hideout\,4259750,Peter,,THIRTEENTH WARD,42.6652959,-73.7868778,Entire home/apt,153,2,7,10/9/2023,0.84,9,163,7,
9.05007E+17,*The Red House* 4 Bedrooms‚Ä¢Just Renovated/Listed,349460842,Scott,,TENTH WARD,42.66217,-73.78299,Entire home/apt,197,1,20,1/20/2024,2.78,5,318,20,
9.10156E+17,Short Stay & Close to Hospitals (king),6203319,Melissa,,TENTH WARD,42.66292,-73.7909,Private room,,1,1,7/26/2023,0.15,3,0,1,
9.16984E+17,Room in a quiet neighborhood,283643924,Joseph,,FOURTEENTH WARD,42.65872,-73.79555,Shared room,55,1,4,7/31/2023,0.54,1,364,4,
9.17511E+17,Short Stay & Close to Hospitals (queen),6203319,Melissa,,TENTH WARD,42.66261,-73.79158,Private room,72,1,7,12/3/2023,0.95,3,89,7,
9.1764E+17,Everything you need! Modern Gem on New Scotland,471810429,Maria,,SEVENTH WARD,42.6519373,-73.78593012,Entire home/apt,171,3,72,1/29/2024,9.11,1,0,72,
9.19056E+17,Room for rent,502751555,Grace,,FIFTH WARD,42.67292,-73.7776,Private room,93,1,0,,,1,364,0,
9.19729E+17,1Private room1B nearly AlbMed& St.Peter's Hospital,382446799,Elizabeth,,NINTH WARD,42.6559529,-73.7807478,Private room,33,1,5,12/28/2023,0.81,2,359,5,
9.21076E+17,Work hard! Play hard!,521669673,Kody,,THIRD WARD,42.6586,-73.75743,Entire home/apt,80,7,2,9/7/2023,0.32,1,264,2,
9.22634E+17,Charming 2 bdrm Apt- Home Away from Home,260986425,Connie,,NINTH WARD,42.65483723,-73.79149619,Entire home/apt,105,3,1,8/14/2023,0.16,1,15,1,
9.24826E+17,1Private Room2B nearlyAlbMed & St.Peter's Hospital,382446799,Elizabeth,,NINTH WARD,42.65496591,-73.78021705,Private room,44,1,6,9/18/2023,0.83,2,352,6,
9.28949E+17,Newly Renovated Gem in Melrose - Pet Friendly,441054845,Thaddeus,,THIRTEENTH WARD,42.67066076,-73.79571205,Entire home/apt,91,1,15,2/8/2024,2.24,1,236,15,
9.32619E+17,Cozy space all on 1 floor close to U Albany,232967878,Diana,,THIRTEENTH WARD,42.67294335,-73.79225343,Entire home/apt,125,1,6,1/7/2024,0.84,19,362,6,
9.32642E+17,Stylish top floor apt w/parking,232967878,Diana,,THIRTEENTH WARD,42.67132411,-73.79247187,Entire home/apt,150,1,10,12/3/2023,1.45,19,353,10,
9.34035E+17,7,493882819,Terra,,SIXTH WARD,42.65654926,-73.77433674,Private room,136,1,3,9/2/2023,0.44,6,315,3,
9.34745E+17,Downtown Albany Apartment: Walk to Capitol!,456511812,Evolve,,SIXTH WARD,42.65506,-73.76401,Entire home/apt,,2,0,,,1,0,0,
9.37838E+17,Hudson 2 at The Argus Hotel,526358730,Argus,,SIXTH WARD,42.6586722,-73.77478693,Private room,184,1,2,12/31/2023,0.36,12,300,2,
9.37838E+17,Hudson 1 at The Argus Hotel,526358730,Argus,,ELEVENTH WARD,42.6606,-73.77284,Private room,184,1,4,1/4/2024,0.92,12,300,4,
9.37917E+17,Hudson 3 ADA at The Argus Hotel,526358730,Argus,,TENTH WARD,42.65908259,-73.77455698,Private room,184,1,4,10/24/2023,0.65,12,307,4,
9.37928E+17,Hudson 4 at The Argus Hotel,526358730,Argus,,TENTH WARD,42.66043,-73.77432,Private room,184,1,0,,,12,302,0,
9.37935E+17,Hudson 5 at The Argus Hotel,526358730,Argus,,SIXTH WARD,42.65846944,-73.77272373,Private room,,1,1,10/22/2023,0.26,12,306,1,
9.37944E+17,Whalen Suite at The Argus Hotel,526358730,Argus,,SIXTH WARD,42.6590802,-73.7732586,Private room,207,1,1,12/27/2023,0.6,12,306,1,
9.3796E+17,Whalen Deluxe at The Argus Hotel,526358730,Argus,,TENTH WARD,42.66003432,-73.77320092,Private room,,1,0,,,12,307,0,
9.37967E+17,Whalen 3 at The Argus Hotel,526358730,Argus,,SIXTH WARD,42.65856544,-73.77439829,Private room,,1,0,,,12,292,0,
9.3826E+17,Whalen 4 at The Argus Hotel,526358730,Argus,,SIXTH WARD,42.65892659,-73.77448007,Private room,,1,0,,,12,290,0,
9.38266E+17,Knickerbocker 1 The Argus Hotel,526358730,Argus,,TENTH WARD,42.6603672,-73.77326956,Private room,,1,0,,,12,311,0,
9.38272E+17,Knickerbocker 3 The Argus Hotel,526358730,Argus,,SIXTH WARD,42.65868262,-73.77332643,Private room,,1,0,,,12,305,0,
9.3828E+17,Carriage House The Argus Hotel,526358730,Argus,,TENTH WARD,42.66036253,-73.77290224,Entire home/apt,364,1,5,1/20/2024,0.79,12,286,5,
9.38421E+17,"The backroom with TV, Queen bed and extra futon",116935236,Fs,,ELEVENTH WARD,42.6708367,-73.7853116,Private room,45,2,10,2/2/2024,1.47,4,358,10,
9.38432E+17,The little room with TV and twin bed,116935236,Fs,,THIRTEENTH WARD,42.66973566,-73.78610658,Private room,35,2,6,2/5/2024,0.87,4,362,6,
9.38476E+17,Colorful and eclectic apartment,132766782,Kelly,,TWELFTH WARD,42.67398204,-73.79126384,Entire home/apt,110,3,0,,,1,233,0,
9.40012E+17,"Sunny King bed, private bath, & garden",172539578,David Yisrael,,FIFTEENTH WARD,42.68001107,-73.81705996,Private room,71,2,2,10/2/2023,0.34,3,26,2,
9.42329E+17,2-Br Apt near St. Peter's Hosp.,491607190,Abba,,FOURTEENTH WARD,42.65801,-73.80049,Entire home/apt,136,1,3,10/1/2023,0.55,6,0,3,
9.42355E+17,1-BR w/ Private Balcony near St. Peter's Hospital,491607190,Abba,,FOURTEENTH WARD,42.65798404,-73.80128215,Private room,105,1,1,8/7/2023,0.16,6,12,1,
9.4275E+17,The spacious room w/ dresser/desk,116935236,Fs,,ELEVENTH WARD,42.67033902,-73.78509801,Private room,50,2,1,1/14/2024,0.94,4,253,1,
9.43344E+17,A G3M near Mansion 3Story Brick House Sleeps 20PPL,39656001,Urbangem,,SECOND WARD,42.64297805,-73.75701914,Entire home/apt,,1,0,,,6,364,0,
9.43359E+17,A Luxury Experience Near Gov Mansion Sleeps 18+PPL,39656001,Urbangem,,SECOND WARD,42.64424112,-73.75675302,Entire home/apt,,2,0,,,6,364,0,
9.50211E+17,"Historic, Spacious Mansion Suite",1717342,David,,SIXTH WARD,42.6541815,-73.7608605,Entire home/apt,127,1,50,2/13/2024,8.33,2,0,50,
9.50614E+17,A beautiful cozy home,529844022,Shirin,,FIRST WARD,42.63855426,-73.76927029,Entire home/apt,,1,0,,,1,0,0,
9.56423E+17,Comfy 1-Br Near Washington Park,491607190,Abba,,TENTH WARD,42.66000843,-73.77397296,Entire home/apt,,1,8,11/1/2023,1.33,6,0,8,
9.57914E+17,"2 bedroom+home office, private parking & backyard",217254883,Ermenita,,NINTH WARD,42.6549886,-73.7939094,Entire home/apt,133,1,34,2/12/2024,5.67,1,334,34,
9.582E+17,Oasis Garden Apt w/Queen Bed,172539578,David Yisrael,,FIFTEENTH WARD,42.6789628,-73.81724462,Entire home/apt,118,3,1,11/24/2023,0.36,3,80,1,
9.61998E+17,1-Br Apt Near NYS Capitol,491607190,Abba,,SIXTH WARD,42.65586286,-73.76206231,Entire home/apt,,1,3,1/1/2024,0.83,6,0,3,
9.63921E+17,Comfy studio in heart of Albany,189586864,Justin,,SIXTH WARD,42.65240863,-73.77002141,Entire home/apt,89,1,14,2/4/2024,2.47,1,357,14,
9.66288E+17,"Modern 2-bed apt / Hospitals, SUNY, State Office",374765317,Tanjin,,FIFTEENTH WARD,42.67059399,-73.81678288,Entire home/apt,98,3,4,1/6/2024,0.84,1,82,4,
9.71129E+17,Morning Zen,535042691,Chadell,,THIRD WARD,42.65679551,-73.75335662,Entire home/apt,108,1,12,12/25/2023,2.59,1,0,12,
9.77733E+17,Luxury Condo - Balcony - Jacuzzi,440217250,James,,THIRD WARD,42.6539354,-73.7513252,Entire home/apt,,180,0,,,1,293,0,
9.80034E+17,Chic Madison Parkview,241123402,JShing,,SIXTH WARD,42.65312775,-73.76950465,Entire home/apt,125,1,3,11/12/2023,0.72,1,0,3,
9.80414E+17,Intimate and Cozy Family House,536994984,Deanna,,SEVENTH WARD,42.65246332,-73.77498767,Entire home/apt,,1,0,,,1,269,0,
9.83307E+17,The House That Pat Built,114183978,Tyrell,,FIFTH WARD,42.66627901,-73.76511948,Entire home/apt,120,2,1,10/22/2023,0.26,1,157,1,
9.83307E+17,The Rizzy Stay,426223840,Antonio,,ELEVENTH WARD,42.66391566,-73.77786946,Entire home/apt,110,1,13,1/24/2024,2.69,2,244,13,
9.8901E+17,Modern 1BR in a great location,75667477,Ahmad,,SIXTH WARD,42.65411,-73.76129,Entire home/apt,85,30,2,11/7/2023,0.44,1,80,2,
9.89897E+17,Minutes from hospitals and Universities,109133858,Priscilla,,THIRTEENTH WARD,42.67159925,-73.79798657,Entire home/apt,218,1,0,,,1,265,0,
9.90935E+17,Garden level apartment | Center Sq-great location!,93905065,Grace,,SIXTH WARD,42.65259924,-73.76178014,Entire home/apt,87,1,2,2/11/2024,2,1,149,2,
9.9212E+17,Two bedroom close to colleges!,152762198,Allen,,FOURTEENTH WARD,42.67097736,-73.80695226,Entire home/apt,99,3,4,12/3/2023,0.92,8,154,4,
9.92555E+17,"Beautiful large home, private parking",476189412,Timothy,,SEVENTH WARD,42.64485687,-73.77281881,Entire home/apt,199,2,1,2/9/2024,1,2,56,1,
9.93431E+17,Albany 3 Bedroom Apt. Sleeps 6,309980121,Ron,,SIXTH WARD,42.65623,-73.7641152,Entire home/apt,111,2,7,1/26/2024,1.69,1,0,7,
9.99162E+17,"Spacious Apartment Downtown Albany, NY",531209536,Amar,,THIRD WARD,42.6576159,-73.75115885,Entire home/apt,150,30,7,1/21/2024,1.75,1,318,7,
1.00498E+18,Elegant Albany Retreat | Mins to Downtwn & St Rose,31318080,Cindy,,EIGHTH WARD,42.65549778,-73.81065666,Entire home/apt,196,2,0,,,1,153,0,
1.00531E+18,Lil' Studio on Washington Park,462767507,Joshua,,SIXTH WARD,42.65483901,-73.76743339,Entire home/apt,70,1,5,12/29/2023,1.29,4,346,5,
1.00598E+18,4BD/2BA 2-Story Townhouse Apt Downtown Albany,44434571,Earl,,SECOND WARD,42.6453489,-73.7536465,Entire home/apt,186,1,9,2/5/2024,2.48,6,338,9,
1.00735E+18,Top floor w/off street parking,232967878,Diana,,TENTH WARD,42.6613655,-73.7848232,Entire home/apt,189,1,7,12/31/2023,2.06,19,268,7,
1.01076E+18,Cozy room walkable to eateries,382970529,Thomas,,THIRTEENTH WARD,42.67002776,-73.79770542,Private room,55,2,13,1/22/2024,3.75,10,261,13,
1.01076E+18,Cozy Room in Spacious Manor,382970529,Thomas,,THIRTEENTH WARD,42.66970961,-73.79754999,Private room,55,1,12,12/30/2023,3.53,10,261,12,
1.01366E+18,Cozy Room Walkable to Eateries and Theatre,382970529,Thomas,,FOURTEENTH WARD,42.66873117,-73.79930289,Private room,56,1,13,1/15/2024,3.86,10,182,13,
1.01487E+18,Mini Mansion,509662927,Sergio,,EIGHTH WARD,42.64549439,-73.83282736,Entire home/apt,346,1,16,2/11/2024,5.05,1,299,16,
1.01539E+18,Á∫ΩÁ∫¶Â∑ûÈ¶ñÂ∫úÁöÑÊ∏©È¶®Â∞èÂ±ã,182509542,Yan,,NINTH WARD,42.6558992,-73.7965699,Private room,,1,0,,,1,78,0,
1.01605E+18,Heart of Albany - Downtown Near Everything,42708277,Rodney,,SIXTH WARD,42.6553868,-73.76416369,Entire home/apt,96,1,3,12/28/2023,0.88,2,311,3,
1.0183E+18,Sunny Room w/ Walk-In Closet,382970529,Thomas,,FOURTEENTH WARD,42.66792031,-73.79895761,Private room,66,1,15,1/28/2024,5.06,10,248,15,
1.0183E+18,Cozy room on bus line and walkable to everything!,382970529,Thomas,,THIRTEENTH WARD,42.6699609,-73.79815654,Private room,55,1,11,2/5/2024,3.47,10,266,11,
1.01897E+18,1 Comfy Bedroom Across the Park,37769478,Erion,,SIXTH WARD,42.6535,-73.77046,Entire home/apt,78,1,8,2/2/2024,2.73,8,363,8,
1.02052E+18,Downtown Studio,233515764,Etem,,SECOND WARD,42.6471388,-73.75466082,Entire home/apt,61,1,6,2/9/2024,2.57,1,0,6,
1.02099E+18,*N E W* Spacious Prime DT 1 Bedroom Apt w Office,47625981,Linda,,THIRD WARD,42.65859809,-73.76420636,Entire home/apt,120,1,1,11/26/2023,0.37,15,253,1,
1.02101E+18,*N E W* Modern 1 Bedroom RARE Apt w office space,47625981,Linda,,THIRD WARD,42.659707,-73.76382105,Entire home/apt,119,1,3,1/1/2024,1.22,15,261,3,
1.02156E+18,Angani Place - Your Tranquil Retreat,426253886,Aggie,,SECOND WARD,42.64655139,-73.75972405,Entire home/apt,82,1,3,1/13/2024,1.88,3,252,3,
1.02305E+18,Great home in Albany,496990578,Brian,,ELEVENTH WARD,42.66838,-73.77868,Entire home/apt,99,2,9,2/9/2024,3.65,1,0,9,
1.02753E+18,home away from home,539608284,Joyhefsiba,,THIRD WARD,42.66057049,-73.76370207,Private room,45,1,0,,,2,269,0,
1.02853E+18,The Emerald Escape | Two Bed Apartment,462767507,Joshua,,SIXTH WARD,42.65487398,-73.76519869,Entire home/apt,103,3,5,2/9/2024,1.81,4,327,5,
1.03177E+18,Apartment near downtown Albany,542010451,Sophia,,THIRD WARD,42.65863677,-73.75184061,Entire home/apt,76,30,0,,,1,87,0,
1.03472E+18,"*Huge, bright, private 2Bedroom*",130404008,Michael,,THIRD WARD,42.6571053,-73.75132909,Entire home/apt,86,21,0,,,1,89,0,
1.03482E+18,"House w/ fish pond, gardens, sunroom and foosball",392833833,Mary,,TWELFTH WARD,42.67595537,-73.79260844,Entire home/apt,135,2,1,12/9/2023,0.44,1,248,1,
1.04012E+18,Good Vibes Only,519143007,Philip,,ELEVENTH WARD,42.67368029,-73.78413108,Entire home/apt,69,1,8,2/11/2024,4.07,1,77,8,
1.04062E+18,Safe - Sweet -Serene - Long Term,42708277,Rodney,,SIXTH WARD,42.65446888,-73.76077862,Entire home/apt,97,1,5,1/31/2024,3.33,2,220,5,
1.04119E+18,"Great Value!  6 Beds!  W/D, & Parking!",65282034,Archer,,TENTH WARD,42.66106893,-73.7897306,Entire home/apt,107,1,6,2/7/2024,2.9,1,255,6,
1.04357E+18,2 bed room Apartment,212885959,Osas,,SECOND WARD,42.63975708,-73.75705214,Entire home/apt,90,1,0,,,1,259,0,
1.0437E+18,Charming 1920s house sleeps 6-7,30218591,Rebecca,,FIFTEENTH WARD,42.6743202,-73.81555184,Entire home/apt,1750,2,0,,,1,60,0,
1.04554E+18,Private room in downtown Albany,480004905,Ramiz,,ELEVENTH WARD,42.66144282,-73.77351291,Private room,70,1,1,2/11/2024,1,2,269,1,
1.05154E+18,Renovated Cozy 1920‚Äôs Apartment,31994990,G.G.,,SEVENTH WARD,42.64478211,-73.77639568,Entire home/apt,53,15,0,,,2,127,0,
1.05238E+18,Charming Bungalow in Albany!,52464523,Dashima,,FIRST WARD,42.64081288,-73.77462753,Entire home/apt,70,30,1,1/2/2024,0.68,1,131,1,
1.05548E+18,Garden View Ground Apartment,28987572,Bryce,,SIXTH WARD,42.65098735,-73.76307768,Entire home/apt,77,2,0,,,1,76,0,
1.05607E+18,two private bedrooms near hospitals & schools,20536619,Emily,,THIRTEENTH WARD,42.67140385,-73.79431184,Private room,85,4,0,,,3,147,0,
1.05647E+18,"Bonjour, Bienvenue A Chez Pierre",553112010,Linda,,TWELFTH WARD,42.71489626,-73.87648859,Private room,103,2,0,,,1,268,0,
1.05793E+18,Apt,217818949,Nickolas,,FOURTH WARD,42.6631159,-73.73810329,Shared room,105,1,0,,,1,268,0,
1.06253E+18,private twin room prime location,20536619,Emily,,THIRTEENTH WARD,42.67096068,-73.79513938,Private room,52,6,2,2/10/2024,2,3,89,2,
1.06532E+18,nice home away from home,539608284,Joyhefsiba,,THIRD WARD,42.6609285,-73.76382129,Private room,53,1,0,,,2,269,0,
1.07278E+18,The Bluebird‚Äôs Nest,426223840,Antonio,,ELEVENTH WARD,42.66391566,-73.77786946,Entire home/apt,117,1,0,,,2,0,0,
1.07318E+18,In the heart of Albany,31994990,G.G.,,SEVENTH WARD,42.64472876,-73.77641183,Entire home/apt,53,30,0,,,2,271,0,
1.07465E+18,Room available,480004905,Ramiz,,ELEVENTH WARD,42.66282672,-73.77437066,Private room,60,1,0,,,2,269,0,
1.07544E+18,The Tangerine Door,542733174,Rebecca,,TWELFTH WARD,42.67908162,-73.79504903,Entire home/apt,110,2,1,2/4/2024,1,1,241,1,
1.07974E+18,Lark St Oasis: Parking & Laundry,119340359,Lori,,SIXTH WARD,42.65607074,-73.76345323,Entire home/apt,98,28,0,,,2,267,0,
